{
  "total_experiments": 10001,
  "layer_distribution": {
    "2": 3340,
    "0": 3492,
    "1": 3169
  },
  "q_range_info": {
    "q_min_range": [
      0.00697125,
      0.0090059
    ],
    "q_max_range": [
      0.199147,
      0.30108
    ],
    "n_points_range": [
      22.0,
      132.0
    ],
    "avg_n_points": 98.08789121087891
  },
  "parameter_statistics": {
    "sld": {
      "layer_1": {
        "min": -4.99297e-07,
        "max": 1.5e-05,
        "mean": 7.32624459983638e-06,
        "std": 4.472481677795735e-06
      },
      "layer_2": {
        "min": -4.95217e-07,
        "max": 1.49977e-05,
        "mean": 7.231094359098803e-06,
        "std": 4.544574364548612e-06
      }
    },
    "thickness": {
      "layer_1": {
        "min": 2.73,
        "max": 1499.76,
        "mean": 625.3899293286219,
        "std": 383.39317443511743
      },
      "layer_2": {
        "min": 20.04,
        "max": 1478.74,
        "mean": 567.1090209580838,
        "std": 298.9816143961293
      }
    },
    "roughness": {
      "layer_1": {
        "min": 0.87,
        "max": 357.76,
        "mean": 77.83528959901675,
        "std": 71.35657879275803
      },
      "layer_2": {
        "min": 1.03,
        "max": 331.47,
        "mean": 71.68454491017964,
        "std": 59.57718875997252
      }
    }
  }
}