{
  "0_layers": {
    "total_experiments": 3492,
    "layer_count": 0,
    "fronting_sld": {
      "min": 0.0,
      "max": 4.32e-06,
      "mean": 2.4789089347079037e-06,
      "std": 1.644561808325842e-06
    },
    "fronting_roughness": {
      "min": 1.0,
      "max": 10.0,
      "mean": 5.469447308132875,
      "std": 2.5886274665903977
    },
    "backing_sld": {
      "min": -4.96421e-07,
      "max": 1.4993e-05,
      "mean": 7.2885802211142615e-06,
      "std": 4.607288380582928e-06
    },
    "backing_roughness": {
      "min": 0.0,
      "max": 0.0,
      "mean": 0.0,
      "std": 0.0
    }
  },
  "1_layers": {
    "total_experiments": 3169,
    "layer_count": 1,
    "sld": {
      "min": -4.97881e-07,
      "max": 1.49989e-05,
      "mean": 7.33478081800568e-06,
      "std": 4.439967650582432e-06
    },
    "thickness": {
      "min": 2.73,
      "max": 1499.76,
      "mean": 748.987096875986,
      "std": 431.19712997912967
    },
    "roughness": {
      "min": 0.87,
      "max": 357.76,
      "mean": 92.72658251814453,
      "std": 82.85234176198435
    },
    "layer_positions": {
      "layer_1": {
        "sld": {
          "min": -4.97881e-07,
          "max": 1.49989e-05,
          "mean": 7.33478081800568e-06,
          "std": 4.439967650582432e-06
        },
        "thickness": {
          "min": 2.73,
          "max": 1499.76,
          "mean": 748.987096875986,
          "std": 431.19712997912967
        },
        "roughness": {
          "min": 0.87,
          "max": 357.76,
          "mean": 92.72658251814453,
          "std": 82.85234176198435
        }
      }
    },
    "fronting_sld": {
      "min": 0.0,
      "max": 4.32e-06,
      "mean": 2.466797096875986e-06,
      "std": 1.6427056962790168e-06
    },
    "fronting_roughness": {
      "min": 1.0,
      "max": 10.0,
      "mean": 5.430934048595772,
      "std": 2.575942300569577
    },
    "backing_sld": {
      "min": -4.93016e-07,
      "max": 1.49883e-05,
      "mean": 7.267866904386242e-06,
      "std": 4.490191795820683e-06
    },
    "backing_roughness": {
      "min": 0.0,
      "max": 0.0,
      "mean": 0.0,
      "std": 0.0
    }
  },
  "2_layers": {
    "total_experiments": 3340,
    "layer_count": 2,
    "sld": {
      "min": -4.99297e-07,
      "max": 1.5e-05,
      "mean": 7.27461988734506e-06,
      "std": 4.524758462191081e-06
    },
    "thickness": {
      "min": 6.82,
      "max": 1478.74,
      "mean": 537.6148308383233,
      "std": 294.1160524778269
    },
    "roughness": {
      "min": 1.01,
      "max": 331.47,
      "mean": 67.69547005988024,
      "std": 57.37620249993869
    },
    "layer_positions": {
      "layer_1": {
        "sld": {
          "min": -4.99297e-07,
          "max": 1.5e-05,
          "mean": 7.318145415591317e-06,
          "std": 4.504428734684462e-06
        },
        "thickness": {
          "min": 6.82,
          "max": 999.73,
          "mean": 508.12064071856287,
          "std": 286.1420959704842
        },
        "roughness": {
          "min": 1.01,
          "max": 246.64,
          "mean": 63.70639520958084,
          "std": 54.79693189907678
        }
      },
      "layer_2": {
        "sld": {
          "min": -4.95217e-07,
          "max": 1.49977e-05,
          "mean": 7.231094359098803e-06,
          "std": 4.545254842858115e-06
        },
        "thickness": {
          "min": 20.04,
          "max": 1478.74,
          "mean": 567.1090209580838,
          "std": 299.02638217573127
        },
        "roughness": {
          "min": 1.03,
          "max": 331.47,
          "mean": 71.68454491017964,
          "std": 59.58610950401593
        }
      }
    },
    "fronting_sld": {
      "min": 0.0,
      "max": 4.32e-06,
      "mean": 2.488482035928143e-06,
      "std": 1.6395859091741902e-06
    },
    "fronting_roughness": {
      "min": 1.0,
      "max": 9.99,
      "mean": 5.454898203592815,
      "std": 2.588502239424621
    },
    "backing_sld": {
      "min": -4.95963e-07,
      "max": 1.49979e-05,
      "mean": 7.332230714113773e-06,
      "std": 4.4559089783494775e-06
    },
    "backing_roughness": {
      "min": 0.0,
      "max": 0.0,
      "mean": 0.0,
      "std": 0.0
    }
  }
}